Dates,Time,Name,Allocated_Block
1/1/2024,10:00 AM,C,1
1/1/2024,10:00 AM,Dev Maurya,2
1/1/2024,10:00 AM,B,3
1/1/2024,10:00 AM,Apple,4
1/1/2024,10:00 AM,F,5
2/1/2024,10:00 AM,F,1
2/1/2024,10:00 AM,Elephant,2
2/1/2024,10:00 AM,Apple,3
3/1/2024,10:00 AM,Dev Maurya,1
3/1/2024,10:00 AM,F,2
3/1/2024,10:00 AM,C,3
3/1/2024,10:00 AM,B,4
4/1/2024,12:15 AM,Dev Maurya,1
4/1/2024,12:15 AM,B,2
4/1/2024,12:15 AM,Apple,3
4/1/2024,12:15 AM,Elephant,4
5/1/2024,10:00 AM,Elephant,1
5/1/2024,10:00 AM,Apple,2
5/1/2024,10:00 AM,F,3
6/1/2024,12:15 AM,Apple,1
6/1/2024,12:15 AM,Dev Maurya,2
6/1/2024,12:15 AM,F,3
6/1/2024,12:15 AM,Elephant,4
6/1/2024,12:15 AM,C,5
6/1/2024,12:15 AM,B,6
7/1/2024,12:15 AM,Apple,1
